<?xml version="1.0" encoding="UTF-8"?>
<project-private xmlns="http://www.netbeans.org/ns/project-private/1">
    <editor-bookmarks xmlns="http://www.netbeans.org/ns/editor-bookmarks/2" lastBookmarkId="0"/>
    <open-files xmlns="http://www.netbeans.org/ns/projectui-open-files/2">
        <group>
            <file>file:/C:/Users/Ngoc%20Lan/OneDrive/Máy%20tính/PRJ301Project/buoi2%20(1)/src/java/namnm/tblProduct/TblProductDTO.java</file>
            <file>file:/C:/Users/Ngoc%20Lan/OneDrive/Máy%20tính/PRJ301Project/buoi2%20(1)/src/java/namnm/tblOrder/TblOrderDAO.java</file>
            <file>file:/C:/Users/Ngoc%20Lan/OneDrive/Máy%20tính/PRJ301Project/buoi2%20(1)/src/java/namnm/orderDetail/OrderDetailDTO.java</file>
            <file>file:/C:/Users/Ngoc%20Lan/OneDrive/Máy%20tính/PRJ301Project/buoi2%20(1)/src/java/namnm/tblOrder/TblOrderDTO.java</file>
            <file>file:/C:/Users/Ngoc%20Lan/OneDrive/Máy%20tính/PRJ301Project/buoi2%20(1)/web/js/main.js</file>
            <file>file:/C:/Users/Ngoc%20Lan/OneDrive/Máy%20tính/PRJ301Project/buoi2%20(1)/src/java/namnm/register/RegisterDAO.java</file>
            <file>file:/C:/Users/Ngoc%20Lan/OneDrive/Máy%20tính/PRJ301Project/buoi2%20(1)/src/java/namnm/servlet/CheckOutServlet.java</file>
            <file>file:/C:/Users/Ngoc%20Lan/OneDrive/Máy%20tính/PRJ301Project/buoi2%20(1)/src/java/namnm/util/DBHelper.java</file>
            <file>file:/C:/Users/Ngoc%20Lan/OneDrive/Máy%20tính/PRJ301Project/buoi2%20(1)/src/java/namnm/register/RegisterCreateError.java</file>
            <file>file:/C:/Users/Ngoc%20Lan/OneDrive/Máy%20tính/PRJ301Project/buoi2%20(1)/src/java/namnm/tblProduct/TblProductDAO.java</file>
            <file>file:/C:/Users/Ngoc%20Lan/OneDrive/Máy%20tính/PRJ301Project/buoi2%20(1)/src/java/namnm/orderDetail/OrderDetailDAO.java</file>
            <file>file:/C:/Users/Ngoc%20Lan/OneDrive/Máy%20tính/PRJ301Project/buoi2%20(1)/web/css/style.css</file>
            <file>file:/C:/Users/Ngoc%20Lan/OneDrive/Máy%20tính/PRJ301Project/buoi2%20(1)/web/login.html</file>
        </group>
    </open-files>
</project-private>
