<?xml version="1.0" encoding="UTF-8"?>
<project-private xmlns="http://www.netbeans.org/ns/project-private/1">
    <editor-bookmarks xmlns="http://www.netbeans.org/ns/editor-bookmarks/2" lastBookmarkId="0"/>
    <open-files xmlns="http://www.netbeans.org/ns/projectui-open-files/2">
        <group>
            <file>file:/C:/Users/Ngoc%20Lan/OneDrive/Documents/NetBeansProjects/AssignmentPRJ301-SE182871/src/java/namnm/product/ProductDAO.java</file>
            <file>file:/C:/Users/Ngoc%20Lan/OneDrive/Documents/NetBeansProjects/AssignmentPRJ301-SE182871/web/login.html</file>
            <file>file:/C:/Users/Ngoc%20Lan/OneDrive/Documents/NetBeansProjects/AssignmentPRJ301-SE182871/src/java/namnm/utils/DBHelper.java</file>
            <file>file:/C:/Users/Ngoc%20Lan/OneDrive/Documents/NetBeansProjects/AssignmentPRJ301-SE182871/src/java/namnm/registration/RegistrationDAO.java</file>
        </group>
    </open-files>
</project-private>
