<?xml version="1.0" encoding="UTF-8"?>
<project-private xmlns="http://www.netbeans.org/ns/project-private/1">
    <editor-bookmarks xmlns="http://www.netbeans.org/ns/editor-bookmarks/2" lastBookmarkId="0"/>
    <open-files xmlns="http://www.netbeans.org/ns/projectui-open-files/2">
        <group>
            <file>file:/C:/Users/Ngoc%20Lan/OneDrive/Documents/NetBeansProjects/LoginReview2/src/java/namnm/controller/SearchLastNameServlet.java</file>
            <file>file:/C:/Users/Ngoc%20Lan/OneDrive/Documents/NetBeansProjects/LoginReview2/src/java/namnm/controller/LoginServlet.java</file>
            <file>file:/C:/Users/Ngoc%20Lan/OneDrive/Documents/NetBeansProjects/LoginReview2/src/java/namnm/registration/RegistrationDTO.java</file>
            <file>file:/C:/Users/Ngoc%20Lan/OneDrive/Documents/NetBeansProjects/LoginReview2/web/login.html</file>
            <file>file:/C:/Users/Ngoc%20Lan/OneDrive/Documents/NetBeansProjects/LoginReview2/src/java/namnm/controller/DispatchServlet.java</file>
            <file>file:/C:/Users/Ngoc%20Lan/OneDrive/Documents/NetBeansProjects/LoginReview2/web/search.jsp</file>
            <file>file:/C:/Users/Ngoc%20Lan/OneDrive/Documents/NetBeansProjects/LoginReview2/src/java/namnm/utils/DBHelper.java</file>
            <file>file:/C:/Users/Ngoc%20Lan/OneDrive/Documents/NetBeansProjects/LoginReview2/src/java/namnm/registration/RegistrationDAO.java</file>
        </group>
    </open-files>
</project-private>
